ec5_uuid,created_at,uploaded_at,title,Group,Date,Woodland,Transect,Sampling_point,lat_Point_GPS,long_Point_GPS,accuracy_Point_GPS,UTM_Northing_Point_GPS,UTM_Easting_Point_GPS,UTM_Zone_Point_GPS,Precentage_cover,Species_number,Max_height,Dominant_sp,Quadrat_photo
54abe7e0-2744-49c6-9a38-6864b60785ef,2025-10-08T14:13:10.000Z,2025-10-08T14:13:37.000Z,"7 T2 P5",7,06/10/2025,"Elms Slope",T2,P5,51.40911,-0.64491,4,5697952,663788,30U,0,0,0,n/a,https://five.epicollect.net/api/media/silwood-masters-woodland-survey?type=photo&format=entry_original&name=54abe7e0-2744-49c6-9a38-6864b60785ef_1759932787.jpg
27cebdb8-6d71-4c81-aef1-544f8ee4ef35,2025-10-08T14:11:57.000Z,2025-10-08T14:13:34.000Z,"7 T2 P4",7,06/10/2025,"Elms Slope",T2,P4,51.40891,-0.64474,4,5697930,663800,30U,0,0,0,n/a,https://five.epicollect.net/api/media/silwood-masters-woodland-survey?type=photo&format=entry_original&name=27cebdb8-6d71-4c81-aef1-544f8ee4ef35_1759932714.jpg
6561174b-36c8-43c5-9b28-1d0d9ff4dd93,2025-10-08T14:10:39.000Z,2025-10-08T14:13:32.000Z,"7 T2 P3",7,06/10/2025,"Elms Slope",T2,P3,51.40889,-0.64471,4,5697928,663802,30U,0,0,0,n/a,https://five.epicollect.net/api/media/silwood-masters-woodland-survey?type=photo&format=entry_original&name=6561174b-36c8-43c5-9b28-1d0d9ff4dd93_1759932635.jpg
5a5f5544-bfcf-47fd-a3e9-1df3b35820f1,2025-10-08T14:05:10.000Z,2025-10-08T14:13:30.000Z,"7 T2 P1",7,06/10/2025,"Elms Slope",T2,P1,51.40881,-0.64451,4,5697920,663816,30U,0,0,0,n/a,https://five.epicollect.net/api/media/silwood-masters-woodland-survey?type=photo&format=entry_original&name=5a5f5544-bfcf-47fd-a3e9-1df3b35820f1_1759932299.jpg
faed5360-5fd3-4cdf-b79a-ccb05ac5f621,2025-10-08T14:08:26.000Z,2025-10-08T14:13:27.000Z,"7 T2 P2",7,06/10/2025,"Elms Slope",T2,P2,51.40886,-0.64461,4,5697925,663809,30U,0,0,0,n/a,https://five.epicollect.net/api/media/silwood-masters-woodland-survey?type=photo&format=entry_original&name=faed5360-5fd3-4cdf-b79a-ccb05ac5f621_1759932402.jpg
6c191c35-f97e-4883-98f4-d4af69dfedcb,2025-10-08T14:01:57.000Z,2025-10-08T14:13:25.000Z,"7 T1 P5",7,06/10/2025,"Elms Slope",T1,P5,51.40805,-0.64516,4,5697834,663774,30U,1,2,8,unknown,https://five.epicollect.net/api/media/silwood-masters-woodland-survey?type=photo&format=entry_original&name=6c191c35-f97e-4883-98f4-d4af69dfedcb_1759932103.jpg
84f1c311-48da-44f5-a9a3-30e4680e9ed4,2025-10-08T14:00:35.000Z,2025-10-08T14:13:23.000Z,"7 T1 P4",7,06/10/2025,"Elms Slope",T1,P4,51.40805,-0.64516,4,5697834,663774,30U,1,1,11,unknown,https://five.epicollect.net/api/media/silwood-masters-woodland-survey?type=photo&format=entry_original&name=84f1c311-48da-44f5-a9a3-30e4680e9ed4_1759932010.jpg
12a74366-c06d-4c33-8c84-1c904754b0fc,2025-10-08T13:55:25.000Z,2025-10-08T14:13:21.000Z,"7 T1 P3",7,06/10/2025,"Elms Slope",T1,P3,51.4076,-0.65504,4,5697762,663088,30U,4,4,20,"Common nettle",https://five.epicollect.net/api/media/silwood-masters-woodland-survey?type=photo&format=entry_original&name=12a74366-c06d-4c33-8c84-1c904754b0fc_1759931721.jpg
9a83eb6f-b457-4601-8321-825c0ceca35c,2025-10-08T13:50:12.000Z,2025-10-08T14:13:18.000Z,"7 T1 P2",7,06/10/2025,"Elms Slope",T1,P2,51.40808,-0.64486,4,5697838,663795,30U,80,3,13,grass,https://five.epicollect.net/api/media/silwood-masters-woodland-survey?type=photo&format=entry_original&name=9a83eb6f-b457-4601-8321-825c0ceca35c_1759931311.jpg
0a1ab4bd-d548-4a69-9f92-7ed007a1db55,2025-10-08T13:46:21.000Z,2025-10-08T13:46:33.000Z,"7 T1 P1",7,06/10/2025,"Elms Slope",T1,P1,51.40805,-0.64471,4,5697835,663805,30U,3,1,19,"Common nettle",https://five.epicollect.net/api/media/silwood-masters-woodland-survey?type=photo&format=entry_original&name=0a1ab4bd-d548-4a69-9f92-7ed007a1db55_1759931106.jpg
4da13930-c886-4b06-9a2f-c0d7b4e893ca,2025-10-08T13:33:40.000Z,2025-10-08T13:44:19.000Z,"9 T2 P3",9,06/10/2025,"Cheapside Field",T2,P3,,,,,,,1,1,10,,https://five.epicollect.net/api/media/silwood-masters-woodland-survey?type=photo&format=entry_original&name=4da13930-c886-4b06-9a2f-c0d7b4e893ca_1759930355.jpg
9c9434f2-81a6-4707-bf41-5e4a09d7ed1b,2025-10-06T15:29:43.000Z,2025-10-06T16:43:15.000Z,"4 T2 P5",4,06/10/2025,"Gunnes's Thicket",T2,P5,51.41099,-0.651384,5,5698147,663331,30U,0,0,0,,https://five.epicollect.net/api/media/silwood-masters-woodland-survey?type=photo&format=entry_original&name=9c9434f2-81a6-4707-bf41-5e4a09d7ed1b_1759764559.jpg
a16cbf49-9537-4e30-99b8-49d6e7cb9586,2025-10-06T15:14:01.000Z,2025-10-06T16:42:54.000Z,"4 T2 P4",4,06/10/2025,"Gunnes's Thicket",T2,P4,51.410943,-0.651575,5,5698141,663318,30U,50,5,44,Rush,https://five.epicollect.net/api/media/silwood-masters-woodland-survey?type=photo&format=entry_original&name=a16cbf49-9537-4e30-99b8-49d6e7cb9586_1759763727.jpg
d6534418-7cf7-4fce-9a00-39dbb1883609,2025-10-06T15:01:23.000Z,2025-10-06T16:42:38.000Z,"4 T2 P3",4,06/10/2025,"Gunnes's Thicket",T2,P3,51.410951,-0.651729,5,5698142,663307,30U,0,0,0,,https://five.epicollect.net/api/media/silwood-masters-woodland-survey?type=photo&format=entry_original&name=d6534418-7cf7-4fce-9a00-39dbb1883609_1759762865.jpg
b53ea374-e2ec-4b72-9867-adba476d8d0f,2025-10-06T14:50:17.000Z,2025-10-06T16:42:23.000Z,"4 T2 P2",4,06/10/2025,"Gunnes's Thicket",T2,P2,51.410846,-0.651972,8,5698130,663290,30U,2,1,1,dicranaceae,https://five.epicollect.net/api/media/silwood-masters-woodland-survey?type=photo&format=entry_original&name=b53ea374-e2ec-4b72-9867-adba476d8d0f_1759762202.jpg
c97c24fb-d5e6-443f-9e34-3cf8bb4f2c2b,2025-10-06T14:38:55.000Z,2025-10-06T16:42:07.000Z,"4 T2 P1",4,06/10/2025,"Gunnes's Thicket",T2,P1,51.411029,-0.652042,11,5698150,663285,30U,0,0,0,,https://five.epicollect.net/api/media/silwood-masters-woodland-survey?type=photo&format=entry_original&name=c97c24fb-d5e6-443f-9e34-3cf8bb4f2c2b_1759761441.jpg
cf4dc22b-15fa-4dd7-8d71-f76491b1ed10,2025-10-06T13:51:00.000Z,2025-10-06T16:41:38.000Z,"4 T1 P5",4,06/10/2025,"Gunnes's Thicket",T1,P5,51.411984,-0.650659,6,5698259,663377,30U,95,4,40,Carex,https://five.epicollect.net/api/media/silwood-masters-woodland-survey?type=photo&format=entry_original&name=cf4dc22b-15fa-4dd7-8d71-f76491b1ed10_1759758640.jpg
763bedce-49aa-4bf2-9886-692a0abbc6da,2025-10-06T15:47:38.000Z,2025-10-06T16:41:16.000Z,"8 T2 P5",8,06/10/2025,"Gunnes's Thicket",T2,P5,51.41202,-0.650508,11,5698263,663388,30U,5,3,14,grass,https://five.epicollect.net/api/media/silwood-masters-woodland-survey?type=photo&format=entry_original&name=763bedce-49aa-4bf2-9886-692a0abbc6da_1759765620.jpg
ba15e54d-6020-45b7-af31-8ed5c9e11ccb,2025-10-06T13:33:53.000Z,2025-10-06T16:41:12.000Z,"4 T1 P4",4,06/10/2025,"Gunnes's Thicket",T1,P4,51.411917,-0.65063,8,5698252,663380,30U,80,4,30,Carex,https://five.epicollect.net/api/media/silwood-masters-woodland-survey?type=photo&format=entry_original&name=ba15e54d-6020-45b7-af31-8ed5c9e11ccb_1759757626.jpg
7b8f1c33-c48a-45a9-b8a0-a32b9274729d,2025-10-06T13:22:33.000Z,2025-10-06T16:40:56.000Z,"4 T1 P3",4,06/10/2025,"Gunnes's Thicket",T1,P3,51.41182,-0.650603,5,5698241,663382,30U,20,3,20,"Ground Ivy",https://five.epicollect.net/api/media/silwood-masters-woodland-survey?type=photo&format=entry_original&name=7b8f1c33-c48a-45a9-b8a0-a32b9274729d_1759756951.jpg
c4a07ce0-b096-4d88-be6a-6389a7fcb2a4,2025-10-06T15:31:23.000Z,2025-10-06T16:40:56.000Z,"8 T2 P4",8,06/10/2025,"Gunnes's Thicket",T2,P4,51.412203,-0.650221,7,5698284,663407,30U,20,2,18,grass,https://five.epicollect.net/api/media/silwood-masters-woodland-survey?type=photo&format=entry_original&name=c4a07ce0-b096-4d88-be6a-6389a7fcb2a4_1759764680.jpg
bc1b6a9e-2f16-4c0b-b8d3-1cca91da4cd9,2025-10-06T15:18:59.000Z,2025-10-06T16:40:37.000Z,"8 T2 P3",8,06/10/2025,"Gunnes's Thicket",T2,P3,51.412239,-0.650173,5,5698288,663410,30U,35,2,23,grass,https://five.epicollect.net/api/media/silwood-masters-woodland-survey?type=photo&format=entry_original&name=bc1b6a9e-2f16-4c0b-b8d3-1cca91da4cd9_1759763928.jpg
190e4573-3da0-447e-b8fa-131ec808a9dd,2025-10-06T13:05:23.000Z,2025-10-06T16:40:31.000Z,"4 T1 P2",4,06/10/2025,"Gunnes's Thicket",T1,P2,51.411678,-0.650579,7,5698225,663384,30U,30,4,6,"Ground Ivy",https://five.epicollect.net/api/media/silwood-masters-woodland-survey?type=photo&format=entry_original&name=190e4573-3da0-447e-b8fa-131ec808a9dd_1759755892.jpg
bdcea3a9-b8a8-4f59-8eda-7817f5a82e21,2025-10-06T15:00:52.000Z,2025-10-06T16:40:18.000Z,"8 T2 P2",8,06/10/2025,"Gunnes's Thicket",T2,P2,51.412211,-0.650007,6,5698286,663422,30U,70,2,14,sedge,https://five.epicollect.net/api/media/silwood-masters-woodland-survey?type=photo&format=entry_original&name=bdcea3a9-b8a8-4f59-8eda-7817f5a82e21_1759762842.jpg
8ab0fd06-efb3-4c67-9340-fd43962c01a6,2025-10-06T14:45:35.000Z,2025-10-06T16:39:56.000Z,"8 T2 P1",8,06/10/2025,"Gunnes's Thicket",T2,P1,51.412211,-0.649822,5,5698286,663435,30U,30,3,18,sedge,https://five.epicollect.net/api/media/silwood-masters-woodland-survey?type=photo&format=entry_original&name=8ab0fd06-efb3-4c67-9340-fd43962c01a6_1759761927.jpg
da1d4f84-a7ba-49de-98c0-ae585a707c63,2025-10-06T14:15:25.000Z,2025-10-06T16:39:36.000Z,"8 T1 P5",8,06/10/2025,"Gunnes's Thicket",T1,P5,51.412407,-0.649219,6,5698309,663476,30U,15,3,16,"greater stitchwort",https://five.epicollect.net/api/media/silwood-masters-woodland-survey?type=photo&format=entry_original&name=da1d4f84-a7ba-49de-98c0-ae585a707c63_1759760115.jpg
4f46ba3e-d21b-411d-a045-508d5f87c67d,2025-10-06T13:58:01.000Z,2025-10-06T16:39:17.000Z,"8 T1 P4",8,06/10/2025,"Gunnes's Thicket",T1,P4,51.412417,-0.649086,5,5698311,663485,30U,10,4,12,clover,https://five.epicollect.net/api/media/silwood-masters-woodland-survey?type=photo&format=entry_original&name=4f46ba3e-d21b-411d-a045-508d5f87c67d_1759759061.jpg
c6e4fcb2-8db9-43eb-a08f-30513f6ee21e,2025-10-06T13:34:46.000Z,2025-10-06T16:38:58.000Z,"8 T1 P3",8,06/10/2025,"Gunnes's Thicket",T1,P3,51.412383,-0.648875,5,5698307,663500,30U,75,3,12,ground-ivy,https://five.epicollect.net/api/media/silwood-masters-woodland-survey?type=photo&format=entry_original&name=c6e4fcb2-8db9-43eb-a08f-30513f6ee21e_1759757671.jpg
a10a0f0a-bc82-4a39-8df9-fc8096bd8f8f,2025-10-06T13:04:58.000Z,2025-10-06T16:38:03.000Z,"8 T1 P2",8,06/10/2025,"Gunnes's Thicket",T1,P2,51.412464,-0.648587,5,5698317,663520,30U,40,4,15,grass,https://five.epicollect.net/api/media/silwood-masters-woodland-survey?type=photo&format=entry_original&name=a10a0f0a-bc82-4a39-8df9-fc8096bd8f8f_1759755893.jpg
acf705ff-27c6-4c68-9880-290eece62dc2,2025-10-06T12:32:03.000Z,2025-10-06T16:37:45.000Z,"8 T1 P1",8,06/10/2025,"Gunnes's Thicket",T1,P1,51.41252,-0.648491,5,5698323,663526,30U,95,3,27,grass,https://five.epicollect.net/api/media/silwood-masters-woodland-survey?type=photo&format=entry_original&name=acf705ff-27c6-4c68-9880-290eece62dc2_1759753914.jpg
41c19d14-a7b3-475d-9cb7-1ed00a79a401,2025-10-06T15:50:49.000Z,2025-10-06T16:32:03.000Z,"3 T2 P5",3,06/10/2025,"Nash's Copse",T2,P5,51.414845,-0.643747,19,5698593,663848,30U,70,4,24,grass,https://five.epicollect.net/api/media/silwood-masters-woodland-survey?type=photo&format=entry_original&name=41c19d14-a7b3-475d-9cb7-1ed00a79a401_1759765846.jpg
6e0f83af-1258-4a41-94ae-e76622fbb64f,2025-10-06T15:44:10.000Z,2025-10-06T16:31:48.000Z,"3 T2 P4",3,06/10/2025,"Nash's Copse",T2,P4,51.414717,-0.64371,20,5698578,663851,30U,1,1,1,moss,https://five.epicollect.net/api/media/silwood-masters-woodland-survey?type=photo&format=entry_original&name=6e0f83af-1258-4a41-94ae-e76622fbb64f_1759765446.jpg
8d484783-ff04-43ef-b000-5124516a2be2,2025-10-06T15:36:37.000Z,2025-10-06T16:31:32.000Z,"3 T2 P3",3,06/10/2025,"Nash's Copse",T2,P3,51.414655,-0.643669,4,5698572,663854,30U,0,0,0,N/A,https://five.epicollect.net/api/media/silwood-masters-woodland-survey?type=photo&format=entry_original&name=8d484783-ff04-43ef-b000-5124516a2be2_1759764991.jpg
dc657bce-6f69-496d-ba03-6b07835d3820,2025-10-06T15:26:36.000Z,2025-10-06T16:31:17.000Z,"3 T2 P2",3,06/10/2025,"Nash's Copse",T2,P2,51.414543,-0.643441,7,5698560,663870,30U,0,0,0,N/A,https://five.epicollect.net/api/media/silwood-masters-woodland-survey?type=photo&format=entry_original&name=dc657bce-6f69-496d-ba03-6b07835d3820_1759764389.jpg
de1b79ec-8939-4a24-a99f-8a20d59ea511,2025-10-06T15:06:22.000Z,2025-10-06T16:31:01.000Z,"3 T2 P1",3,06/10/2025,"Nash's Copse",T2,P1,51.414494,-0.643161,16,5698555,663890,30U,60,2,5,moss,https://five.epicollect.net/api/media/silwood-masters-woodland-survey?type=photo&format=entry_original&name=de1b79ec-8939-4a24-a99f-8a20d59ea511_1759763148.jpg
b758e5e7-b185-4979-ab89-a6c5d7c5c085,2025-10-06T13:57:19.000Z,2025-10-06T16:30:46.000Z,"3 T1 P5",3,06/10/2025,"Nash's Copse",T1,P5,51.414506,-0.645351,5,5698551,663738,30U,1,2,4,moss,https://five.epicollect.net/api/media/silwood-masters-woodland-survey?type=photo&format=entry_original&name=b758e5e7-b185-4979-ab89-a6c5d7c5c085_1759759031.jpg
1283875d-fc82-4fc7-97ec-3ba60530c052,2025-10-06T13:54:39.000Z,2025-10-06T16:30:31.000Z,"3 T1 P4",3,06/10/2025,"Nash's Copse",T1,P4,51.414399,-0.645261,18,5698540,663744,30U,3,2,4,moss,https://five.epicollect.net/api/media/silwood-masters-woodland-survey?type=photo&format=entry_original&name=1283875d-fc82-4fc7-97ec-3ba60530c052_1759758868.jpg
ccf91cb4-2c29-4bf8-a636-d616244d5f7d,2025-10-06T13:51:17.000Z,2025-10-06T16:30:14.000Z,"3 T1 P3",3,06/10/2025,"Nash's Copse",T1,P3,51.41453,-0.64504,5,5698555,663759,30U,10,1,6,moss,https://five.epicollect.net/api/media/silwood-masters-woodland-survey?type=photo&format=entry_original&name=ccf91cb4-2c29-4bf8-a636-d616244d5f7d_1759758669.jpg
52715b24-5a83-4cdc-a49a-63eb15b5c7b9,2025-10-06T13:46:36.000Z,2025-10-06T16:29:59.000Z,"3 T1 P2",3,06/10/2025,"Nash's Copse",T1,P2,51.414629,-0.645099,4,5698566,663755,30U,90,7,10,moss,https://five.epicollect.net/api/media/silwood-masters-woodland-survey?type=photo&format=entry_original&name=52715b24-5a83-4cdc-a49a-63eb15b5c7b9_1759758393.jpg
82cc380f-51e6-4f8f-bcd8-c97677f35741,2025-10-06T12:54:55.000Z,2025-10-06T16:29:44.000Z,"3 T1 P1",3,06/10/2025,"Nash's Copse",T1,P1,51.414765,-0.645027,23,5698581,663759,30U,60,3,17,moss,https://five.epicollect.net/api/media/silwood-masters-woodland-survey?type=photo&format=entry_original&name=82cc380f-51e6-4f8f-bcd8-c97677f35741_1759755275.jpg
4f59c016-ed9c-4c10-9cae-8278b0b943c9,2025-10-06T15:37:32.000Z,2025-10-06T16:17:45.000Z,"9 T2 P2",9,06/10/2025,"Cheapside Field",T2,P2,51.415517,-0.64905,13,5698655,663477,30U,5,2,22,Fern,https://five.epicollect.net/api/media/silwood-masters-woodland-survey?type=photo&format=entry_original&name=4f59c016-ed9c-4c10-9cae-8278b0b943c9_1759765005.jpg
5b331618-d9c8-4674-bf80-5ccacb1f0db4,2025-10-06T15:00:17.000Z,2025-10-06T16:06:47.000Z,"1 T2 P5",1,06/10/2025,"Merten's Acres",T2,P5,51.413118,-0.640852,4,5698407,664055,30U,70,3,59,grass,https://five.epicollect.net/api/media/silwood-masters-woodland-survey?type=photo&format=entry_original&name=5b331618-d9c8-4674-bf80-5ccacb1f0db4_1759762815.jpg
c2a8a492-5cac-40de-8e36-b9fb1284b1a6,2025-10-06T14:58:35.000Z,2025-10-06T16:03:39.000Z,"1 T2 P4",1,06/10/2025,"Merten's Acres",T2,P4,51.413159,-0.640801,5,5698412,664059,30U,90,4,40,grass,https://five.epicollect.net/api/media/silwood-masters-woodland-survey?type=photo&format=entry_original&name=c2a8a492-5cac-40de-8e36-b9fb1284b1a6_1759762712.jpg
64be5a21-8023-4d76-a2ca-d791ad0c9716,2025-10-06T14:46:31.000Z,2025-10-06T16:03:29.000Z,"1 T2 P3",1,06/10/2025,"Merten's Acres",T2,P3,51.413299,-0.640622,13,5698428,664071,30U,85,5,50,grass,https://five.epicollect.net/api/media/silwood-masters-woodland-survey?type=photo&format=entry_original&name=64be5a21-8023-4d76-a2ca-d791ad0c9716_1759761978.jpg
39a25ce7-85c4-4336-9dbd-9129a578d47f,2025-10-06T14:43:22.000Z,2025-10-06T15:56:55.000Z,"1 T2 P2",1,06/10/2025,"Merten's Acres",T2,P2,51.413402,-0.640486,4,5698439,664080,30U,10,1,49,Urtica,https://five.epicollect.net/api/media/silwood-masters-woodland-survey?type=photo&format=entry_original&name=39a25ce7-85c4-4336-9dbd-9129a578d47f_1759761783.jpg
effe3bd8-05fc-475b-a984-90a278b304fa,2025-10-06T14:38:44.000Z,2025-10-06T15:56:36.000Z,"1 T2 P1",1,06/10/2025,"Merten's Acres",T2,P1,51.413492,-0.640366,6,5698450,664088,30U,10,3,20,grass,https://five.epicollect.net/api/media/silwood-masters-woodland-survey?type=photo&format=entry_original&name=effe3bd8-05fc-475b-a984-90a278b304fa_1759761521.jpg
5a5f0cf9-84a4-48af-806c-5fab35542740,2025-10-06T13:46:07.000Z,2025-10-06T15:56:11.000Z,"1 T1 P5",1,06/10/2025,"Merten's Acres",T1,P5,51.412707,-0.640467,5,5698362,664084,30U,12,2,18,Rubus,https://five.epicollect.net/api/media/silwood-masters-woodland-survey?type=photo&format=entry_original&name=5a5f0cf9-84a4-48af-806c-5fab35542740_1759758364.jpg
9e5ee521-9dc4-4d4e-a38d-c19259a6bd52,2025-10-06T13:38:06.000Z,2025-10-06T15:55:47.000Z,"1 T1 P4",1,06/10/2025,"Merten's Acres",T1,P4,51.412608,-0.640317,5,5698352,664094,30U,35,2,45,Rubus,https://five.epicollect.net/api/media/silwood-masters-woodland-survey?type=photo&format=entry_original&name=9e5ee521-9dc4-4d4e-a38d-c19259a6bd52_1759757884.jpg
8df6a00b-d036-44a2-afb1-d1ecff3acfd0,2025-10-06T13:25:27.000Z,2025-10-06T15:55:28.000Z,"1 T1 P3",1,06/10/2025,"Merten's Acres",T1,P3,51.412537,-0.640301,5,5698344,664096,30U,35,1,36,Rubus,https://five.epicollect.net/api/media/silwood-masters-woodland-survey?type=photo&format=entry_original&name=8df6a00b-d036-44a2-afb1-d1ecff3acfd0_1759757123.jpg
9ffaf024-a937-41c7-8df0-c09753182159,2025-10-06T13:11:15.000Z,2025-10-06T15:55:06.000Z,"1 T1 P2",1,06/10/2025,"Merten's Acres",T1,P2,51.412436,-0.640256,5,5698333,664099,30U,5,1,23,Rubus,https://five.epicollect.net/api/media/silwood-masters-woodland-survey?type=photo&format=entry_original&name=9ffaf024-a937-41c7-8df0-c09753182159_1759756271.jpg
5aa35532-a699-48c3-a786-ef205816beff,2025-10-06T12:37:04.000Z,2025-10-06T15:54:43.000Z,"1 T1 P1",1,06/10/2025,"Merten's Acres",T1,P1,51.412436,-0.64017,4,5698333,664105,30U,30,3,25,Urtica,https://five.epicollect.net/api/media/silwood-masters-woodland-survey?type=photo&format=entry_original&name=5aa35532-a699-48c3-a786-ef205816beff_1759754135.jpg
d282e5f5-39d9-4753-b871-9b9f83bac727,2025-10-06T13:38:33.000Z,2025-10-06T15:35:47.000Z,"2 T2 P5",2,06/10/2025,"Mann's Copse",T2,P5,51.4128,-0.651627,4,5698348,663307,30U,60,3,14,Moss,https://five.epicollect.net/api/media/silwood-masters-woodland-survey?type=photo&format=entry_original&name=d282e5f5-39d9-4753-b871-9b9f83bac727_1759757910.jpg
3521c666-21b9-46ad-bcbd-d07997681b35,2025-10-06T13:36:54.000Z,2025-10-06T15:35:37.000Z,"2 T2 P4",2,06/10/2025,"Mann's Copse",T2,P4,51.412909,-0.651896,5,5698359,663288,30U,10,2,18,"Common Braken",https://five.epicollect.net/api/media/silwood-masters-woodland-survey?type=photo&format=entry_original&name=3521c666-21b9-46ad-bcbd-d07997681b35_1759757811.jpg
6fe588ee-91b6-4df5-84c8-621c3fa34929,2025-10-06T13:35:41.000Z,2025-10-06T15:35:00.000Z,"2 T2 P3",2,06/10/2025,"Mann's Copse",T2,P3,51.412941,-0.652026,5,5698362,663279,30U,50,1,17,"Common Braken",https://five.epicollect.net/api/media/silwood-masters-woodland-survey?type=photo&format=entry_original&name=6fe588ee-91b6-4df5-84c8-621c3fa34929_1759757710.jpg
5e32da63-48a8-4e02-8415-797062b2e7b1,2025-10-06T13:33:07.000Z,2025-10-06T15:34:53.000Z,"2 T2 P2",2,06/10/2025,"Mann's Copse",T2,P2,51.412967,-0.652184,7,5698365,663268,30U,1,1,6,Grass,https://five.epicollect.net/api/media/silwood-masters-woodland-survey?type=photo&format=entry_original&name=5e32da63-48a8-4e02-8415-797062b2e7b1_1759757582.jpg
65ff1688-ffe3-478b-944e-cbed62aa5cea,2025-10-06T13:29:05.000Z,2025-10-06T15:34:25.000Z,"2 T2 P1",2,06/10/2025,"Mann's Copse",T2,P1,51.412991,-0.652346,4,5698367,663257,30U,0,0,0,,https://five.epicollect.net/api/media/silwood-masters-woodland-survey?type=photo&format=entry_original&name=65ff1688-ffe3-478b-944e-cbed62aa5cea_1759757340.jpg
74026bac-9cc6-40d2-a9b8-5a3b0d2046f4,2025-10-06T12:29:44.000Z,2025-10-06T15:34:17.000Z,"2 T1 P5",2,06/10/2025,"Mann's Copse",T1,P5,51.412612,-0.653168,6,5698323,663201,30U,0,0,0,,https://five.epicollect.net/api/media/silwood-masters-woodland-survey?type=photo&format=entry_original&name=74026bac-9cc6-40d2-a9b8-5a3b0d2046f4_1759753780.jpg
ea56ba5c-2ec7-4043-8ecc-0f165d2cafaa,2025-10-06T12:26:59.000Z,2025-10-06T15:34:00.000Z,"2 T1 P4",2,06/10/2025,"Mann's Copse",T1,P4,51.412735,-0.653358,4,5698337,663187,30U,4,1,54,"Common Braken Pteridium aquilinum",https://five.epicollect.net/api/media/silwood-masters-woodland-survey?type=photo&format=entry_original&name=ea56ba5c-2ec7-4043-8ecc-0f165d2cafaa_1759753615.jpg
4845e0c6-3a7a-481b-99a7-363d8db0ada7,2025-10-06T12:23:43.000Z,2025-10-06T15:33:47.000Z,"2 T1 P3",2,06/10/2025,"Mann's Copse",T1,P3,51.412719,-0.653375,20,5698335,663186,30U,5,1,120,"Common braken Pteridium aquilinum",https://five.epicollect.net/api/media/silwood-masters-woodland-survey?type=photo&format=entry_original&name=4845e0c6-3a7a-481b-99a7-363d8db0ada7_1759753418.jpg
1dc2a8ba-f620-4b50-b66d-8d13028771a1,2025-10-06T12:14:47.000Z,2025-10-06T15:33:20.000Z,"2 T1 P2",2,06/10/2025,"Mann's Copse",T1,P2,51.413211,-0.655232,26,5698385,663055,30U,0,0,0,,https://five.epicollect.net/api/media/silwood-masters-woodland-survey?type=photo&format=entry_original&name=1dc2a8ba-f620-4b50-b66d-8d13028771a1_1759752883.jpg
2df0ba90-2821-41ef-ac38-0c87591dca33,2025-10-06T12:02:50.000Z,2025-10-06T15:32:59.000Z,"2 T1 P1",2,06/10/2025,"Mann's Copse",T1,P1,51.413214,-0.655242,26,5698386,663054,30U,0,0,0,,https://five.epicollect.net/api/media/silwood-masters-woodland-survey?type=photo&format=entry_original&name=2df0ba90-2821-41ef-ac38-0c87591dca33_1759752140.jpg
e5427677-4e96-499e-906c-eb7ca22daf4a,2025-10-06T15:06:11.000Z,2025-10-06T15:32:53.000Z,"9 T2 P1",9,06/10/2025,"Cheapside Field",T2,P1,51.415573,-0.648871,8,5698662,663489,30U,20,3,40,"Grass; bramble",https://five.epicollect.net/api/media/silwood-masters-woodland-survey?type=photo&format=entry_original&name=e5427677-4e96-499e-906c-eb7ca22daf4a_1759763086.jpg
1da2e82f-2077-4d96-96e7-766c61979e25,2025-10-06T14:53:56.000Z,2025-10-06T15:16:16.000Z,"group 5 T2 P5","group 5",06/10/2025,"Elms Slope",T2,P5,51.409926,-0.64489,5,5698043,663786,30U,20,1,10,grass,https://five.epicollect.net/api/media/silwood-masters-woodland-survey?type=photo&format=entry_original&name=1da2e82f-2077-4d96-96e7-766c61979e25_1759762433.jpg
a491089c-679a-40c7-acae-f3012229be93,2025-10-06T14:45:57.000Z,2025-10-06T15:15:59.000Z,"Group 5 T2 P4","Group 5",06/10/2025,"Elms Slope",T2,P4,51.409914,-0.645014,9,5698041,663777,30U,0,0,0,0,https://five.epicollect.net/api/media/silwood-masters-woodland-survey?type=photo&format=entry_original&name=a491089c-679a-40c7-acae-f3012229be93_1759761955.jpg
9526c524-c14a-4022-868b-27e590ade432,2025-10-06T14:34:43.000Z,2025-10-06T15:15:38.000Z,"Group 5 T2 P3","Group 5",06/10/2025,"Elms Slope",T2,P3,51.409986,-0.645099,5,5698049,663771,30U,2,0,0,no,https://five.epicollect.net/api/media/silwood-masters-woodland-survey?type=photo&format=entry_original&name=9526c524-c14a-4022-868b-27e590ade432_1759761277.jpg
f9f0a5d7-8ed4-4ad5-a287-0646dbd7e87d,2025-10-06T14:24:54.000Z,2025-10-06T15:15:26.000Z,"5 T2 P2",5,06/10/2025,"Elms Slope",T2,P2,51.410128,-0.645424,6,5698064,663748,30U,0,0,0,No,
360cd381-7add-4f54-931d-32ef4f8e2c0f,2025-10-06T14:04:18.000Z,2025-10-06T15:14:44.000Z,"5 T2 P1",5,06/10/2025,"Elms Slope",T2,P1,51.409968,-0.645131,5,5698047,663769,30U,0,0,0,No,https://five.epicollect.net/api/media/silwood-masters-woodland-survey?type=photo&format=entry_original&name=360cd381-7add-4f54-931d-32ef4f8e2c0f_1759759410.jpg
52f31e3a-5f61-4223-a78d-666985a18deb,2025-10-06T13:31:31.000Z,2025-10-06T15:14:29.000Z,"Group 5 T1 P5","Group 5",06/10/2025,"Elms Slope",T1,P5,51.410639,-0.646362,5,5698119,663681,30U,7,3,20,bracken,https://five.epicollect.net/api/media/silwood-masters-woodland-survey?type=photo&format=entry_original&name=52f31e3a-5f61-4223-a78d-666985a18deb_1759757488.jpg
97b8f8e0-62bb-4cfd-8e41-05944a0864de,2025-10-06T13:26:23.000Z,2025-10-06T15:14:23.000Z,"Group 5 T1 P4","Group 5",06/10/2025,"Elms Slope",T1,P4,51.410375,-0.646285,4,5698090,663687,30U,5,2,15,bracken,https://five.epicollect.net/api/media/silwood-masters-woodland-survey?type=photo&format=entry_original&name=97b8f8e0-62bb-4cfd-8e41-05944a0864de_1759757177.jpg
83b1094d-012c-4e67-a087-ff25364dc73b,2025-10-06T13:08:35.000Z,2025-10-06T15:14:06.000Z,"Group 5 T1 P3","Group 5",06/10/2025,"Elms Slope",T1,P3,51.410215,-0.646285,5,5698072,663688,30U,1,3,5,bracken,https://five.epicollect.net/api/media/silwood-masters-woodland-survey?type=photo&format=entry_original&name=83b1094d-012c-4e67-a087-ff25364dc73b_1759756109.jpg
50e0accd-db8b-4bec-ab9e-55e3f55a53e4,2025-10-06T12:42:07.000Z,2025-10-06T15:13:32.000Z,"Group 5 T1 P2","Group 5",06/10/2025,"Elms Slope",T1,P2,51.41009,-0.646146,5,5698059,663698,30U,2,3,7,grass,https://five.epicollect.net/api/media/silwood-masters-woodland-survey?type=photo&format=entry_original&name=50e0accd-db8b-4bec-ab9e-55e3f55a53e4_1759754521.jpg
26a571de-7e35-47f8-84fc-fc2090739d59,2025-10-06T14:32:37.000Z,2025-10-06T15:05:52.000Z,"6 T2 P5",6,06/10/2025,"Farm wood",T2,P5,51.414184,-0.649191,5,5698507,663472,30U,0,0,0,None,https://five.epicollect.net/api/media/silwood-masters-woodland-survey?type=photo&format=entry_original&name=26a571de-7e35-47f8-84fc-fc2090739d59_1759761156.jpg
20dc8428-6ced-4ccb-9803-a81c092c91d4,2025-10-06T14:25:11.000Z,2025-10-06T15:05:34.000Z,"6 T2 P4",6,06/10/2025,"Farm wood",T2,P4,51.414274,-0.649503,5,5698516,663450,30U,0,0,0,None,https://five.epicollect.net/api/media/silwood-masters-woodland-survey?type=photo&format=entry_original&name=20dc8428-6ced-4ccb-9803-a81c092c91d4_1759760708.jpg
26c691bc-68b9-489f-adf3-da5e5fe6c8e2,2025-10-06T14:09:46.000Z,2025-10-06T15:05:15.000Z,"6 T2 P3",6,06/10/2025,"Farm wood",T2,P3,51.414408,-0.649669,5,5698531,663438,30U,5,1,0,Moss,https://five.epicollect.net/api/media/silwood-masters-woodland-survey?type=photo&format=entry_original&name=26c691bc-68b9-489f-adf3-da5e5fe6c8e2_1759759783.jpg
658874d0-bced-4ecc-9d32-2df382ef538d,2025-10-06T13:49:26.000Z,2025-10-06T15:04:54.000Z,"6 T2 P2",6,06/10/2025,"Farm wood",T2,P2,51.414412,-0.6497,11,5698531,663436,30U,0,0,0,None,https://five.epicollect.net/api/media/silwood-masters-woodland-survey?type=photo&format=entry_original&name=658874d0-bced-4ecc-9d32-2df382ef538d_1759758564.jpg
74dbfe85-1ad0-465d-beb9-8f2d0744e59f,2025-10-06T13:36:45.000Z,2025-10-06T15:04:36.000Z,"6 T2 P1",6,06/10/2025,"Farm wood",T2,P1,51.414328,-0.650772,2,5698519,663361,30U,5,1,8,"Wood fern",https://five.epicollect.net/api/media/silwood-masters-woodland-survey?type=photo&format=entry_original&name=74dbfe85-1ad0-465d-beb9-8f2d0744e59f_1759757777.jpg
8dd82632-7694-4efa-babc-9ecb2a109d20,2025-10-06T14:29:59.000Z,2025-10-06T14:47:48.000Z,"9 T1 P5",9,06/10/2025,"Cheapside Field",T1,P5,51.415505,-0.64746,10,5698658,663587,30U,0,0,0,,https://five.epicollect.net/api/media/silwood-masters-woodland-survey?type=photo&format=entry_original&name=8dd82632-7694-4efa-babc-9ecb2a109d20_1759760872.jpg
3af81a8d-89dd-41de-b9da-54e276f6c5c1,2025-10-06T14:11:26.000Z,2025-10-06T14:25:42.000Z,"9 T1 P4",9,06/10/2025,"Cheapside Field",T1,P4,51.415381,-0.647512,8,5698644,663584,30U,4,3,80,"Narrow leaved ash",https://five.epicollect.net/api/media/silwood-masters-woodland-survey?type=photo&format=entry_original&name=3af81a8d-89dd-41de-b9da-54e276f6c5c1_1759759655.jpg
0d1e88aa-b6f7-4dc4-b644-ccd7ae5cb3e2,2025-10-06T13:12:54.000Z,2025-10-06T15:04:26.000Z,"6 T1 P5",6,06/10/2025,"Farm wood",T1,P5,51.414766,-0.650415,5,5698569,663385,30U,95,1,23,Grass,https://five.epicollect.net/api/media/silwood-masters-woodland-survey?type=photo&format=entry_original&name=0d1e88aa-b6f7-4dc4-b644-ccd7ae5cb3e2_1759756364.jpg
e92e3886-3f64-4181-9cec-9ba0db5fb85c,2025-10-06T13:03:05.000Z,2025-10-06T14:07:46.000Z,"6 T1 P4",6,06/10/2025,"Farm wood",T1,P4,51.414682,-0.650472,6,5698559,663381,30U,75,3,13,Grass,https://five.epicollect.net/api/media/silwood-masters-woodland-survey?type=photo&format=entry_original&name=e92e3886-3f64-4181-9cec-9ba0db5fb85c_1759755779.jpg
2e45fab7-89ae-4c4c-8ac8-9e48f3d34bb6,2025-10-06T12:47:28.000Z,2025-10-06T14:07:25.000Z,"6 T1 P3",6,06/10/2025,"Farm wood",T1,P3,51.414559,-0.650561,4,5698546,663375,30U,80,3,13,Grass,https://five.epicollect.net/api/media/silwood-masters-woodland-survey?type=photo&format=entry_original&name=2e45fab7-89ae-4c4c-8ac8-9e48f3d34bb6_1759754846.jpg
c849b3ef-1033-49b0-bac9-a6d44eb670cd,2025-10-06T12:29:09.000Z,2025-10-06T14:07:02.000Z,"6 T1 P2",6,06/10/2025,"Farm wood",T1,P2,51.414486,-0.650627,5,5698537,663371,30U,100,3,33,Grass,https://five.epicollect.net/api/media/silwood-masters-woodland-survey?type=photo&format=entry_original&name=c849b3ef-1033-49b0-bac9-a6d44eb670cd_1759753729.jpg
0c19029f-8226-475a-b4cb-c249d32289b0,2025-10-06T11:48:44.000Z,2025-10-06T14:06:41.000Z,"6 T1 P1",6,06/10/2025,"Farm wood",T1,P1,51.414432,-0.650753,8,5698531,663362,30U,100,2,38,Grass,https://five.epicollect.net/api/media/silwood-masters-woodland-survey?type=photo&format=entry_original&name=0c19029f-8226-475a-b4cb-c249d32289b0_1759751234.jpg
ef706f28-d081-4616-bfd5-d2199a51d8f8,2025-10-06T13:49:18.000Z,2025-10-06T14:05:13.000Z,"9 T1 P3",9,06/10/2025,"Cheapside Field",T1,P3,51.415284,-0.647599,14,5698633,663578,30U,10,4,29,Bugle,https://five.epicollect.net/api/media/silwood-masters-woodland-survey?type=photo&format=entry_original&name=ef706f28-d081-4616-bfd5-d2199a51d8f8_1759758233.jpg
bda9f2c7-bea4-4782-bbb3-ca1a24a0b12e,2025-10-06T11:54:19.000Z,2025-10-06T15:13:27.000Z,"Group 5 T1 P1","Group 5",06/10/2025,"Elms Slope",T1,P1,51.410185,-0.646222,5,5698069,663692,30U,3,2,62,bracken,https://five.epicollect.net/api/media/silwood-masters-woodland-survey?type=photo&format=entry_original&name=bda9f2c7-bea4-4782-bbb3-ca1a24a0b12e_1759751605.jpg
de17cf19-49ea-40ba-b587-c575672e6130,2025-10-06T13:24:03.000Z,2025-10-06T13:39:41.000Z,"9 T1 P2",9,06/10/2025,"Cheapside Field",T1,P2,51.415224,-0.647669,28,5698626,663574,30U,0,0,0,,https://five.epicollect.net/api/media/silwood-masters-woodland-survey?type=photo&format=entry_original&name=de17cf19-49ea-40ba-b587-c575672e6130_1759757039.jpg
c35cfea4-438c-4406-8b47-d7969a2a6c03,2025-10-06T12:32:11.000Z,2025-10-06T13:17:45.000Z,"9 T1 P1",9,06/10/2025,"Cheapside Field",T1,P1,51.415102,-0.647698,9,5698612,663572,30U,5,1,7,"Ground Ivy",https://five.epicollect.net/api/media/silwood-masters-woodland-survey?type=photo&format=entry_original&name=c35cfea4-438c-4406-8b47-d7969a2a6c03_1759753281.jpg
21cc0197-bdd9-48e4-9dc7-7dadbca4f73b,2025-10-06T12:30:44.000Z,2025-10-06T16:40:04.000Z,"4 T1 P1",4,06/10/2025,"Gunnes's Thicket",T1,P1,51.414018,-0.643958,960,5698500,663836,30U,5,1,1,Dicranaceae,https://five.epicollect.net/api/media/silwood-masters-woodland-survey?type=photo&format=entry_original&name=21cc0197-bdd9-48e4-9dc7-7dadbca4f73b_1759753817.jpg
